{"cameraMode":{"drawMode":0,"name":"Shaded","section":"Shading Mode"},"sceneLighting":false,"audioPlay":false,"sceneViewState":{"showFog":true,"showMaterialUpdate":false,"showSkybox":false,"showFlares":true,"showImageEffects":true,"showParticleSystems":true},"in2DMode":false,"pivot":{"x":-46.41909408569336,"y":18.111854553222658,"z":-1736.270751953125},"rotation":{"x":0.09952250868082047,"y":-0.7062229514122009,"z":0.10131565481424332,"w":0.693621039390564},"size":2067.702392578125,"orthographic":false}