{"cameraMode":{"drawMode":0,"name":"Shaded","section":"Shading Mode"},"sceneLighting":true,"audioPlay":false,"sceneViewState":{"showFog":true,"showMaterialUpdate":false,"showSkybox":true,"showFlares":true,"showImageEffects":true,"showParticleSystems":true},"in2DMode":false,"pivot":{"x":-94.50397491455078,"y":10.890167236328125,"z":-3021.804931640625},"rotation":{"x":0.43775495886802676,"y":-0.5330198407173157,"z":0.37772831320762637,"w":0.6177550554275513},"size":107.11418151855469,"orthographic":false}