{"cameraMode":{"drawMode":0,"name":"Shaded","section":"Shading Mode"},"sceneLighting":true,"audioPlay":false,"sceneViewState":{"showFog":true,"showMaterialUpdate":false,"showSkybox":true,"showFlares":true,"showImageEffects":true,"showParticleSystems":true},"in2DMode":false,"pivot":{"x":-32.76325225830078,"y":14.211162567138672,"z":-653.1224365234375},"rotation":{"x":0.024146251380443574,"y":-0.7647683024406433,"z":0.028679758310317994,"w":0.6432342529296875},"size":799.666015625,"orthographic":false}