{"cameraMode":{"drawMode":0,"name":"Shaded","section":"Shading Mode"},"sceneLighting":true,"audioPlay":false,"sceneViewState":{"showFog":true,"showMaterialUpdate":false,"showSkybox":true,"showFlares":true,"showImageEffects":true,"showParticleSystems":true},"in2DMode":false,"pivot":{"x":-25.589221954345704,"y":53.55474853515625,"z":-310.5198669433594},"rotation":{"x":-0.0064902049489319328,"y":-0.7838913798332214,"z":-0.008255943655967713,"w":0.620880663394928},"size":557.8819580078125,"orthographic":false}