{"cameraMode":{"drawMode":0,"name":"Shaded","section":"Shading Mode"},"sceneLighting":true,"audioPlay":false,"sceneViewState":{"showFog":true,"showMaterialUpdate":false,"showSkybox":true,"showFlares":true,"showImageEffects":true,"showParticleSystems":true},"in2DMode":false,"pivot":{"x":-1149.5244140625,"y":-340.4657897949219,"z":-3169.102783203125},"rotation":{"x":0.10887441039085388,"y":-0.5284132957458496,"z":0.06853099167346955,"w":0.8392395377159119},"size":1107.1697998046875,"orthographic":false}