{"cameraMode":{"drawMode":0,"name":"Shaded","section":"Shading Mode"},"sceneLighting":true,"audioPlay":false,"sceneViewState":{"showFog":true,"showMaterialUpdate":false,"showSkybox":true,"showFlares":true,"showImageEffects":true,"showParticleSystems":true},"in2DMode":false,"pivot":{"x":-127.00000762939453,"y":-78.0,"z":-144.18771362304688},"rotation":{"x":0.0513944998383522,"y":-0.9354655742645264,"z":0.1528853327035904,"w":0.31447073817253115},"size":224.4508056640625,"orthographic":false}