{"cameraMode":{"drawMode":0,"name":"Shaded","section":"Shading Mode"},"sceneLighting":true,"audioPlay":false,"sceneViewState":{"showFog":true,"showMaterialUpdate":false,"showSkybox":true,"showFlares":true,"showImageEffects":true,"showParticleSystems":true},"in2DMode":false,"pivot":{"x":-8.04998779296875,"y":6.400001525878906,"z":373.52496337890627},"rotation":{"x":0.13618162274360658,"y":-0.3122589886188507,"z":0.04525551572442055,"w":0.9391113519668579},"size":8.008601188659668,"orthographic":false}